PRAGMA foreign_keys=OFF;
BEGIN TRANSACTION;
CREATE TABLE IF NOT EXISTS "django_migrations" ("id" integer NOT NULL PRIMARY KEY AUTOINCREMENT, "app" varchar(255) NOT NULL, "name" varchar(255) NOT NULL, "applied" datetime NOT NULL);
INSERT INTO django_migrations VALUES(1,'contenttypes','0001_initial','2024-07-02 17:10:39.879508');
INSERT INTO django_migrations VALUES(2,'contenttypes','0002_remove_content_type_name','2024-07-02 17:10:40.029377');
INSERT INTO django_migrations VALUES(3,'auth','0001_initial','2024-07-02 17:10:40.281804');
INSERT INTO django_migrations VALUES(4,'auth','0002_alter_permission_name_max_length','2024-07-02 17:10:40.403036');
INSERT INTO django_migrations VALUES(5,'auth','0003_alter_user_email_max_length','2024-07-02 17:10:40.586445');
INSERT INTO django_migrations VALUES(6,'auth','0004_alter_user_username_opts','2024-07-02 17:10:40.685317');
INSERT INTO django_migrations VALUES(7,'auth','0005_alter_user_last_login_null','2024-07-02 17:10:40.764029');
INSERT INTO django_migrations VALUES(8,'auth','0006_require_contenttypes_0002','2024-07-02 17:10:40.836438');
INSERT INTO django_migrations VALUES(9,'auth','0007_alter_validators_add_error_messages','2024-07-02 17:10:40.949659');
INSERT INTO django_migrations VALUES(10,'auth','0008_alter_user_username_max_length','2024-07-02 17:10:41.048726');
INSERT INTO django_migrations VALUES(11,'auth','0009_alter_user_last_name_max_length','2024-07-02 17:10:41.137356');
INSERT INTO django_migrations VALUES(12,'auth','0010_alter_group_name_max_length','2024-07-02 17:10:41.210644');
INSERT INTO django_migrations VALUES(13,'auth','0011_update_proxy_permissions','2024-07-02 17:10:41.396067');
INSERT INTO django_migrations VALUES(14,'auth','0012_alter_user_first_name_max_length','2024-07-02 17:10:41.519718');
INSERT INTO django_migrations VALUES(15,'main','0001_initial','2024-07-02 17:10:41.860692');
INSERT INTO django_migrations VALUES(16,'sessions','0001_initial','2024-07-02 17:10:42.118674');
CREATE TABLE IF NOT EXISTS "django_content_type" ("id" integer NOT NULL PRIMARY KEY AUTOINCREMENT, "app_label" varchar(100) NOT NULL, "model" varchar(100) NOT NULL);
INSERT INTO django_content_type VALUES(1,'main','user');
INSERT INTO django_content_type VALUES(2,'main','board');
INSERT INTO django_content_type VALUES(3,'main','role');
INSERT INTO django_content_type VALUES(4,'main','university');
INSERT INTO django_content_type VALUES(5,'main','thread');
INSERT INTO django_content_type VALUES(6,'main','reply');
INSERT INTO django_content_type VALUES(7,'auth','permission');
INSERT INTO django_content_type VALUES(8,'auth','group');
INSERT INTO django_content_type VALUES(9,'contenttypes','contenttype');
INSERT INTO django_content_type VALUES(10,'sessions','session');
CREATE TABLE IF NOT EXISTS "auth_group_permissions" ("id" integer NOT NULL PRIMARY KEY AUTOINCREMENT, "group_id" integer NOT NULL REFERENCES "auth_group" ("id") DEFERRABLE INITIALLY DEFERRED, "permission_id" integer NOT NULL REFERENCES "auth_permission" ("id") DEFERRABLE INITIALLY DEFERRED);
CREATE TABLE IF NOT EXISTS "auth_permission" ("id" integer NOT NULL PRIMARY KEY AUTOINCREMENT, "content_type_id" integer NOT NULL REFERENCES "django_content_type" ("id") DEFERRABLE INITIALLY DEFERRED, "codename" varchar(100) NOT NULL, "name" varchar(255) NOT NULL);
INSERT INTO auth_permission VALUES(1,1,'add_user','Can add User');
INSERT INTO auth_permission VALUES(2,1,'change_user','Can change User');
INSERT INTO auth_permission VALUES(3,1,'delete_user','Can delete User');
INSERT INTO auth_permission VALUES(4,1,'view_user','Can view User');
INSERT INTO auth_permission VALUES(5,2,'add_board','Can add Board');
INSERT INTO auth_permission VALUES(6,2,'change_board','Can change Board');
INSERT INTO auth_permission VALUES(7,2,'delete_board','Can delete Board');
INSERT INTO auth_permission VALUES(8,2,'view_board','Can view Board');
INSERT INTO auth_permission VALUES(9,3,'add_role','Can add role');
INSERT INTO auth_permission VALUES(10,3,'change_role','Can change role');
INSERT INTO auth_permission VALUES(11,3,'delete_role','Can delete role');
INSERT INTO auth_permission VALUES(12,3,'view_role','Can view role');
INSERT INTO auth_permission VALUES(13,4,'add_university','Can add University');
INSERT INTO auth_permission VALUES(14,4,'change_university','Can change University');
INSERT INTO auth_permission VALUES(15,4,'delete_university','Can delete University');
INSERT INTO auth_permission VALUES(16,4,'view_university','Can view University');
INSERT INTO auth_permission VALUES(17,5,'add_thread','Can add Thread');
INSERT INTO auth_permission VALUES(18,5,'change_thread','Can change Thread');
INSERT INTO auth_permission VALUES(19,5,'delete_thread','Can delete Thread');
INSERT INTO auth_permission VALUES(20,5,'view_thread','Can view Thread');
INSERT INTO auth_permission VALUES(21,6,'add_reply','Can add Reply');
INSERT INTO auth_permission VALUES(22,6,'change_reply','Can change Reply');
INSERT INTO auth_permission VALUES(23,6,'delete_reply','Can delete Reply');
INSERT INTO auth_permission VALUES(24,6,'view_reply','Can view Reply');
INSERT INTO auth_permission VALUES(25,7,'add_permission','Can add permission');
INSERT INTO auth_permission VALUES(26,7,'change_permission','Can change permission');
INSERT INTO auth_permission VALUES(27,7,'delete_permission','Can delete permission');
INSERT INTO auth_permission VALUES(28,7,'view_permission','Can view permission');
INSERT INTO auth_permission VALUES(29,8,'add_group','Can add group');
INSERT INTO auth_permission VALUES(30,8,'change_group','Can change group');
INSERT INTO auth_permission VALUES(31,8,'delete_group','Can delete group');
INSERT INTO auth_permission VALUES(32,8,'view_group','Can view group');
INSERT INTO auth_permission VALUES(33,9,'add_contenttype','Can add content type');
INSERT INTO auth_permission VALUES(34,9,'change_contenttype','Can change content type');
INSERT INTO auth_permission VALUES(35,9,'delete_contenttype','Can delete content type');
INSERT INTO auth_permission VALUES(36,9,'view_contenttype','Can view content type');
INSERT INTO auth_permission VALUES(37,10,'add_session','Can add session');
INSERT INTO auth_permission VALUES(38,10,'change_session','Can change session');
INSERT INTO auth_permission VALUES(39,10,'delete_session','Can delete session');
INSERT INTO auth_permission VALUES(40,10,'view_session','Can view session');
CREATE TABLE IF NOT EXISTS "auth_group" ("id" integer NOT NULL PRIMARY KEY AUTOINCREMENT, "name" varchar(150) NOT NULL UNIQUE);
CREATE TABLE IF NOT EXISTS "main_user_groups" ("id" integer NOT NULL PRIMARY KEY AUTOINCREMENT, "user_id" varchar(50) NOT NULL REFERENCES "main_user" ("username") DEFERRABLE INITIALLY DEFERRED, "group_id" integer NOT NULL REFERENCES "auth_group" ("id") DEFERRABLE INITIALLY DEFERRED);
CREATE TABLE IF NOT EXISTS "main_board" ("board_id" varchar(5) NOT NULL PRIMARY KEY, "name" varchar(50) NOT NULL, "description" varchar(100) NOT NULL);
INSERT INTO main_board VALUES('pup','Polytechnic University of The Philippines','A board.');
CREATE TABLE IF NOT EXISTS "main_role" ("id" integer NOT NULL PRIMARY KEY AUTOINCREMENT, "name" varchar(50) NOT NULL);
INSERT INTO main_role VALUES(1,'Admin');
CREATE TABLE IF NOT EXISTS "main_university" ("id" integer NOT NULL PRIMARY KEY AUTOINCREMENT, "name" varchar(100) NOT NULL, "verified" bool NOT NULL);
CREATE TABLE IF NOT EXISTS "main_thread" ("id" integer NOT NULL PRIMARY KEY AUTOINCREMENT, "title" varchar(50) NOT NULL, "body" text NULL, "img" varchar(255) NULL, "is_deleted" bool NOT NULL, "created_at" datetime NOT NULL, "modified_at" datetime NOT NULL, "board_id" varchar(5) NOT NULL REFERENCES "main_board" ("board_id") DEFERRABLE INITIALLY DEFERRED, "username_id" varchar(50) NOT NULL REFERENCES "main_user" ("username") DEFERRABLE INITIALLY DEFERRED);
CREATE TABLE IF NOT EXISTS "main_reply" ("id" integer NOT NULL PRIMARY KEY AUTOINCREMENT, "body" text NULL, "img" varchar(255) NULL, "is_deleted" bool NOT NULL, "created_at" datetime NOT NULL, "modified_at" datetime NOT NULL, "thread_id" bigint NOT NULL REFERENCES "main_thread" ("id") DEFERRABLE INITIALLY DEFERRED, "username_id" varchar(50) NOT NULL REFERENCES "main_user" ("username") DEFERRABLE INITIALLY DEFERRED);
CREATE TABLE IF NOT EXISTS "main_user" ("last_login" datetime NULL, "is_superuser" bool NOT NULL, "first_name" varchar(150) NOT NULL, "last_name" varchar(150) NOT NULL, "email" varchar(254) NOT NULL, "is_staff" bool NOT NULL, "is_active" bool NOT NULL, "date_joined" datetime NOT NULL, "username" varchar(50) NOT NULL PRIMARY KEY, "password" varchar(50) NOT NULL, "created_at" datetime NOT NULL, "is_banned" bool NOT NULL, "verified" bool NOT NULL, "signature" text NULL, "role_id" bigint NOT NULL REFERENCES "main_role" ("id") DEFERRABLE INITIALLY DEFERRED, "university_id" int NOT NULL REFERENCES "main_university" ("id") DEFERRABLE INITIALLY DEFERRED);
CREATE TABLE IF NOT EXISTS "main_user_user_permissions" ("id" integer NOT NULL PRIMARY KEY AUTOINCREMENT, "user_id" varchar(50) NOT NULL REFERENCES "main_user" ("username") DEFERRABLE INITIALLY DEFERRED, "permission_id" integer NOT NULL REFERENCES "auth_permission" ("id") DEFERRABLE INITIALLY DEFERRED);
CREATE TABLE IF NOT EXISTS "django_session" ("session_key" varchar(40) NOT NULL PRIMARY KEY, "session_data" text NOT NULL, "expire_date" datetime NOT NULL);
DELETE FROM sqlite_sequence;
INSERT INTO sqlite_sequence VALUES('django_migrations',16);
INSERT INTO sqlite_sequence VALUES('django_content_type',10);
INSERT INTO sqlite_sequence VALUES('auth_permission',40);
INSERT INTO sqlite_sequence VALUES('auth_group',0);
INSERT INTO sqlite_sequence VALUES('main_role',1);
CREATE UNIQUE INDEX "django_content_type_app_label_model_76bd3d3b_uniq" ON "django_content_type" ("app_label", "model");
CREATE UNIQUE INDEX "auth_group_permissions_group_id_permission_id_0cd325b0_uniq" ON "auth_group_permissions" ("group_id", "permission_id");
CREATE INDEX "auth_group_permissions_group_id_b120cbf9" ON "auth_group_permissions" ("group_id");
CREATE INDEX "auth_group_permissions_permission_id_84c5c92e" ON "auth_group_permissions" ("permission_id");
CREATE UNIQUE INDEX "auth_permission_content_type_id_codename_01ab375a_uniq" ON "auth_permission" ("content_type_id", "codename");
CREATE INDEX "auth_permission_content_type_id_2f476e4b" ON "auth_permission" ("content_type_id");
CREATE UNIQUE INDEX "main_user_groups_user_id_group_id_ae195797_uniq" ON "main_user_groups" ("user_id", "group_id");
CREATE INDEX "main_user_groups_user_id_df502602" ON "main_user_groups" ("user_id");
CREATE INDEX "main_user_groups_group_id_a337ba62" ON "main_user_groups" ("group_id");
CREATE INDEX "main_thread_board_id_3b0aada3" ON "main_thread" ("board_id");
CREATE INDEX "main_thread_username_id_61733690" ON "main_thread" ("username_id");
CREATE INDEX "main_reply_thread_id_d944894d" ON "main_reply" ("thread_id");
CREATE INDEX "main_reply_username_id_fb60abdf" ON "main_reply" ("username_id");
CREATE INDEX "main_user_role_id_2eea25ff" ON "main_user" ("role_id");
CREATE INDEX "main_user_university_id_b7eb460e" ON "main_user" ("university_id");
CREATE UNIQUE INDEX "main_user_user_permissions_user_id_permission_id_96b9fadf_uniq" ON "main_user_user_permissions" ("user_id", "permission_id");
CREATE INDEX "main_user_user_permissions_user_id_451ce57f" ON "main_user_user_permissions" ("user_id");
CREATE INDEX "main_user_user_permissions_permission_id_cd2b56a3" ON "main_user_user_permissions" ("permission_id");
CREATE INDEX "django_session_expire_date_a5c62663" ON "django_session" ("expire_date");
COMMIT;
